14 781 406;17.07.2020 8:03:20;9164375204;bidinfo*a1594962188635b1594962191478c1594962191478d1594972992146e1594972997771f1594962198764g1594962198764h1594962197301i1594962197303j1594972999927
14 781 144;17.07.2020 8:00:49;9164375204;bidinfo*a1594962046810b1594962048410c1594962048410d1594972847584e1594972848396f1594962049346g1594962049346h1594962047819i1594962047820j1594972848600
14 781 131;17.07.2020 8:00:37;9164375204;bidlist*a1594962030521b1594962034167c1594962034167d1594972834850e1594972836084f1594962037037g1594962037037h1594962035534i1594962035576j1594972837053
14 781 224;17.07.2020 8:01:54;9164375204;bidlist*a1594962109037b1594962110639c1594962110639d1594972910709e1594972913552f1594962114555g1594962114555h1594962113115i1594962113156j1594972914037
14 781 255;17.07.2020 8:02:11;9164375204;bidinfo*a1594962128105b1594962129718c1594962129718d1594972928927e1594972930708f1594962131699g1594962131699h1594962130182i1594962130183j1594972930990
14 781 684;17.07.2020 8:04:59;9164375204;bidinfo*a1594962296557b1594962298146c1594962298146d1594973097370e1594973098980f1594962299940g1594962299940h1594962298453i1594962298455j1594973099277
14 782 145;17.07.2020 8:09:57;9164375204;bidlist*a1594962594176b1594962596215c1594962596215d1594973395384e1594973396478f1594962597448g1594962597448h1594962595948i1594962595980j1594973396759
14 782 149;17.07.2020 8:10:04;9164375204;bidlist*a1594962599221b1594962600833c1594962600833d1594973400025e1594973403650f1594962604593g1594962604593h1594962603133i1594962603185j1594973403993
14 783 173;17.07.2020 8:53:40;9164375204;bidlist*a1594965201729b1594965203487c1594965203487d1594976003185e1594976019107f1594965220064g1594965220064h1594965218558i1594965218609j1594976019451
14 783 177;17.07.2020 8:53:51;9164375204;bidinfo*a1594965224782b1594965226550c1594965226550d1594976025779e1594976030388f1594965231368g1594965231368h1594965229880i1594965229882j1594976030810
14 783 175;17.07.2020 8:53:43;9164375204;bidlist*a1594965204924b1594965206545c1594965206545d1594976005732e1594976021998f1594965222948g1594965222948h1594965221483i1594965221529j1594976022435
14 783 179;17.07.2020 8:53:52;9164375204;bidlist*a1594965220971b1594965222605c1594965222605d1594976021951e1594976031263f1594965232319g1594965232319h1594965230946i1594965231009j1594976031966
14 783 176;17.07.2020 8:53:46;9164375204;bidlist*a1594965218851b1594965220469c1594965220469d1594976019685e1594976024826f1594965225880g1594965225880h1594965224590i1594965224641j1594976025623
14 783 302;17.07.2020 8:57:28;9164375204;bidinfo*a1594965444788b1594965446564c1594965446564d1594976245729e1594976247260f1594965448202g1594965448202h1594965446684i1594965446686j1594976247650
14 783 489;17.07.2020 9:02:16;9164375204;bidlist*a1594965733467b1594965735051c1594965735051d1594976534242e1594976535727f1594965736658g1594965736658h1594965735148i1594965735174j1594976535977
14 785 101;17.07.2020 10:06:07;9164375204;bidlist*a1594969562020b1594969563775c1594969563775d1594980363040e1594980365009f1594969565959g1594969565959h1594969564443i1594969564500j1594980366649
14 784 935;17.07.2020 10:01:48;9164375204;bidlist*a1594969304645b1594969306378c1594969306378d1594980105637e1594980107059f1594969308000g1594969308000h1594969306541i1594969306560j1594980107340
14 784 934;17.07.2020 10:01:48;9164375204;bidlist*a1594969304664b1594969306394c1594969306394d1594980105622e1594980107028f1594969307969g1594969307969h1594969306475i1594969306518j1594980107309
14 785 113;17.07.2020 10:06:18;9164375204;bidlist*a1594969572806b1594969574398c1594969574398d1594980373602e1594980377352f1594969578377g1594969578377h1594969577150i1594969577209j1594980378024
14 786 557;17.07.2020 10:59:07;9164375204;bidlist*a1594972743545b1594972745388c1594972745388d1594983544594e1594983546453f1594972747385g1594972747385h1594972745868i1594972745889j1594983546672
14 786 562;17.07.2020 10:59:23;9164375204;bidinfo*a1594972759876b1594972761489c1594972761489d1594983560672e1594983562094f1594972763034g1594972763034h1594972761564i1594972761567j1594983562375
14 786 559;17.07.2020 10:59:17;9164375204;bidlist*a1594972751165b1594972752767c1594972752767d1594983552906e1594983556562f1594972757495g1594972757495h1594972756107i1594972756157j1594983556937
14 786 564;17.07.2020 10:59:33;9164375204;bidphotoadd*a1594972770610b1594972772473c1594972772473d1594983571687e1594983572047f1594972773144g1594972773144h1594972771625i1594972771640j1594983572765
14 787 119;17.07.2020 11:13:35;9164375204;bidphotoadd*a1594973611780b1594973614299c1594973614299d1594984414150e1594984414307f1594973615297g1594973615297h1594973613789i1594973613818j1594984414682
14 787 122;17.07.2020 11:13:44;9164375204;bidphotoadd*a1594973620926b1594973623467c1594973623467d1594984422744e1594984423150f1594973624122g1594973624122h1594973622679i1594973622710j1594984423603
14 787 753;17.07.2020 11:33:14;9164375204;bidlist*a1594974791178b1594974792935c1594974792935d1594985592109e1594985593359f1594974794324g1594974794324h1594974792826i1594974792880j1594985593687
14 788 685;17.07.2020 12:00:26;9164375204;bidlist*a1594976420813b1594976424099c1594976424099d1594987223347e1594987225441f1594976426377g1594976426377h1594976424895i1594976424936j1594987225769
14 788 939;17.07.2020 12:05:28;9164375204;bidlist*a1594976724677b1594976727362c1594976727362d1594987526546e1594987527859f1594976728797g1594976728797h1594976727295i1594976727351j1594987528156
14 788 948;17.07.2020 12:05:38;9164375204;bidinfo*a1594976735153b1594976736754c1594976736754d1594987535921e1594987537749f1594976738704g1594976738704h1594976737192i1594976737194j1594987537984
14 788 945;17.07.2020 12:05:34;9164375204;bidlist*a1594976729314b1594976730919c1594976730919d1594987530109e1594987533062f1594976734023g1594976734023h1594976732642i1594976732688j1594987533484
14 788 959;17.07.2020 12:05:50;9164375204;bidphotoadd*a1594976744165b1594976749281c1594976749281d1594987548531e1594987548968f1594976749905g1594976749905h1594976748429i1594976748447j1594987549312
14 789 270;17.07.2020 12:14:59;9164375204;bidphotoadd*a1594977295651b1594977298626c1594977298626d1594988097871e1594988098090f1594977299048g1594977299048h1594977297548i1594977297579j1594988098511
14 790 020;17.07.2020 12:41:11;9164375204;bidinfo*a1594978867636b1594978869227c1594978869227d1594989668452e1594989670312f1594978871255g1594978871255h1594978869766i1594978869768j1594989670562
14 789 762;17.07.2020 12:32:13;9164375204;bidphotoadd*a1594978328434b1594978332953c1594978332953d1594989132193e1594989132474f1594978333436g1594978333436h1594978331917i1594978331940j1594989132708
14 789 766;17.07.2020 12:32:22;9164375204;bidphotoadd*a1594978339436b1594978342422c1594978342422d1594989141646e1594989141802f1594978342750g1594978342750h1594978341236i1594978341257j1594989142052
14 789 960;17.07.2020 12:39:37;9164375204;bidlist*a1594978773171b1594978774963c1594978774963d1594989574156e1594989576094f1594978777023g1594978777023h1594978775506i1594978775543j1594989576344
14 790 029;17.07.2020 12:41:20;9164375204;bidphotoadd*a1594978877331b1594978880397c1594978880397d1594989679624e1594989679812f1594978880741g1594978880741h1594978879237i1594978879260j1594989680124
14 790 017;17.07.2020 12:41:07;9164375204;bidlist*a1594978858306b1594978859914c1594978859914d1594989659093e1594989665390f1594978866419g1594978866419h1594978865461i1594978865504j1594989666359
14 790 591;17.07.2020 13:02:55;9164375204;bidinfo*a1594980171756b1594980173350c1594980173350d1594990972537e1594990974615f1594980175566g1594980175566h1594980174059i1594980174063j1594990974865
14 791 007;17.07.2020 13:22:15;9164375204;bidlist*a1594981331117b1594981332935c1594981332935d1594992132214e1594992134198f1594981335197g1594981335197h1594981333663i1594981333677j1594992134511
14 791 006;17.07.2020 13:22:14;9164375204;bidlist*a1594981331135b1594981332919c1594981332919d1594992132214e1594992133667f1594981334620g1594981334620h1594981333099i1594981333116j1594992133933
14 791 018;17.07.2020 13:22:22;9164375204;bidlist*a1594981335824b1594981337802c1594981337802d1594992137011e1594992140573f1594981341531g1594981341531h1594981340106i1594981340153j1594992141870
14 791 053;17.07.2020 13:22:50;9164375204;bidinfo*a1594981366274b1594981367879c1594981367879d1594992167058e1594992169104f1594981370048g1594981370048h1594981368539i1594981368541j1594992169354
14 791 990;17.07.2020 14:00:27;9164375204;bidlist*a1594983624172b1594983625925c1594983625925d1594994425118e1594994426509f1594983627454g1594983627454h1594983626011i1594983626060j1594994426868
14 791 991;17.07.2020 14:00:27;9164375204;bidlist*a1594983624187b1594983625925c1594983625925d1594994425103e1594994426790f1594983627734g1594983627734h1594983626247i1594983626294j1594994427087
14 792 199;17.07.2020 14:04:20;9164375204;bidinfo*a1594983855830b1594983857556c1594983857556d1594994656787e1594994659162f1594983860100g1594983860100h1594983858598i1594983858601j1594994659678
14 795 152;17.07.2020 15:41:58;9164375204;bidinfo*a1594989715587b1594989717213c1594989717213d1595000516382e1595000518007f1594989718945g1594989718945h1594989717422i1594989717425j1595000518210
14 795 131;17.07.2020 15:41:36;9164375204;bidinfo*a1594989687681b1594989692440c1594989692440d1595000492523e1595000495898f1594989696855g1594989696855h1594989695325i1594989695327j1595000496132
14 795 141;17.07.2020 15:41:45;9164375204;bidlist*a1594989701920b1594989703516c1594989703516d1595000502695e1595000504648f1594989705607g1594989705607h1594989704082i1594989704112j1595000504945
14 795 145;17.07.2020 15:41:51;9164375204;bidlist*a1594989706757b1594989708384c1594989708384d1595000507570e1595000510039f1594989710973g1594989710973h1594989709504i1594989709554j1595000510351
14 795 113;17.07.2020 15:40:48;9164375204;bidinfo*a1594989645319b1594989646901c1594989646901d1595000446101e1595000447570f1594989648508g1594989648508h1594989647014i1594989647017j1595000447820
14 795 127;17.07.2020 15:41:34;9164375204;bidinfo*a1594989675132b1594989691082c1594989691082d1595000491867e1595000493086f1594989694078g1594989694078h1594989692559i1594989692559j1595000493554
14 795 105;17.07.2020 15:40:34;9164375204;bidlist*a1594989631663b1594989633437c1594989633437d1595000432633e1595000433836f1594989634779g1594989634779h1594989633291i1594989633321j1595000434148
14 795 107;17.07.2020 15:40:41;9164375204;bidlist*a1594989636302b1594989637914c1594989637914d1595000437086e1595000440008f1594989640957g1594989640957h1594989639504i1594989639550j1595000440336
14 795 159;17.07.2020 15:42:36;9164375204;bidinfo*a1594989735300b1594989752190c1594989752190d1595000553476e1595000555288f1594989756292g1594989756292h1594989754767i1594989754768j1595000555632
14 795 341;17.07.2020 15:51:50;9164375204;bidphotoadd*a1594990307973b1594990310227c1594990310227d1595001109471e1595001109674f1594990310618g1594990310618h1594990309101i1594990309127j1595001109955
14 795 330;17.07.2020 15:51:10;9164375204;bidlist*a1594990266587b1594990268356c1594990268356d1595001067565e1595001069049f1594990269994g1594990269994h1594990268466i1594990268512j1595001069424
14 795 331;17.07.2020 15:51:12;9164375204;bidlist*a1594990267787b1594990269385c1594990269385d1595001068580e1595001071815f1594990272755g1594990272755h1594990271320i1594990271365j1595001072205
14 795 335;17.07.2020 15:51:16;9164375204;bidinfo*a1594990273153b1594990274752c1594990274752d1595001073940e1595001075440f1594990276374g1594990276374h1594990274857i1594990274859j1595001075674
14 797 101;17.07.2020 16:51:35;9164375204;bidinfo*a1594993892049b1594993893924c1594993893924d1595004693099e1595004694490f1594993895453g1594993895453h1594993893924i1594993893927j1595004694896
14 797 128;17.07.2020 16:52:36;9164375204;bidinfo*a1594993952901b1594993954501c1594993954501d1595004753708e1595004755208f1594993956170g1594993956170h1594993954659i1594993954661j1595004755474
14 797 481;17.07.2020 17:03:59;9164375204;bidinfo*a1594994636333b1594994638119c1594994638119d1595005437311e1595005438764f1594994639694g1594994639694h1594994638187i1594994638189j1595005439249
14 797 485;17.07.2020 17:04:08;9164375204;bidlist*a1594994644213b1594994645790c1594994645790d1595005444999e1595005447499f1594994648440g1594994648440h1594994647026i1594994647073j1595005447920
14 798 852;17.07.2020 17:59:56;9164375204;bidlist*a1594997992251b1594997994017c1594997994017d1595008793207e1595008795582f1594997996512g1594997996512h1594997994992i1594997995035j1595008795847
14 798 855;17.07.2020 17:59:58;9164375204;bidlist*a1594997993354b1594997994953c1594997994953d1595008794160e1595008797144f1594997998071g1594997998071h1594997996647i1594997996695j1595008797504
14 798 856;17.07.2020 18:00:02;9164375204;bidinfo*a1594997999388b1594998000987c1594998000987d1595008800175e1595008801675f1594998002639g1594998002639h1594998001156i1594998001158j1595008802097
14 799 602;17.07.2020 18:25:07;9164375204;bidlist*a1594999502293b1594999504049c1594999504049d1595010303255e1595010306021f1594999506964g1594999506964h1594999505552i1594999505596j1595010306614
14 799 628;17.07.2020 18:26:27;9164375204;bidinfo*a1594999583528b1594999585315c1594999585315d1595010384489e1595010386255f1594999587187g1594999587187h1594999585668i1594999585670j1595010386473
14 799 674;17.07.2020 18:29:17;9164375204;bidphotoadd*a1594999754345b1594999756765c1594999756765d1595010556004e1595010556175f1594999757108g1594999757108h1594999755589i1594999755617j1595010556410
14 799 811;17.07.2020 18:36:44;9164375204;bidlist*a1595000199188b1595000200809c1595000200809d1595011000030e1595011003202f1595000204163g1595000204163h1595000202788i1595000202831j1595011003655
14 799 798;17.07.2020 18:36:35;9164375204;bidlist*a1595000191961b1595000193695c1595000193695d1595010992890e1595010994421f1595000195380g1595000195380h1595000193873i1595000193922j1595010994718
14 799 827;17.07.2020 18:37:08;9164375204;bidinfo*a1595000225030b1595000226629c1595000226629d1595011025811e1595011027452f1595000228408g1595000228408h1595000226888i1595000226889j1595011027749
14 799 858;17.07.2020 18:38:10;9164375204;bidlist*a1595000284195b1595000285833c1595000285833d1595011085170e1595011088905f1595000289874g1595000289874h1595000288433i1595000288485j1595011089295
14 799 852;17.07.2020 18:37:58;9164375204;bidlist*a1595000274849b1595000276442c1595000276442d1595011075624e1595011077499f1595000278439g1595000278439h1595000276928i1595000276972j1595011077764
14 800 554;17.07.2020 19:03:22;9164375204;bidlist*a1595001798581b1595001800459c1595001800459d1595012599660e1595012601581f1595001802549g1595001802549h1595001801032i1595001801065j1595012601878
14 800 902;17.07.2020 19:25:07;9164375204;bidinfo*a1595003103456b1595003105046c1595003105046d1595013904227e1595013906055f1595003106995g1595003106995h1595003105499i1595003105501j1595013906305
14 800 881;17.07.2020 19:24:00;9164375204;bidlist*a1595003035339b1595003037902c1595003037902d1595013837071e1595013839103f1595003040040g1595003040040h1595003038520i1595003038563j1595013839337
14 800 882;17.07.2020 19:24:04;9164375204;bidlist*a1595003038178b1595003039774c1595003039774d1595013838946e1595013843103f1595003044049g1595003044049h1595003042608i1595003042674j1595013843524
14 800 884;17.07.2020 19:24:11;9164375204;bidinfo*a1595003047532b1595003049135c1595003049135d1595013848321e1595013850118f1595003051053g1595003051069h1595003049656i1595003049658j1595013850446
14 800 932;17.07.2020 19:28:32;9164375204;bidinfo*a1595003290092b1595003309932c1595003309932d1595014110099e1595014111474f1595003312490g1595003312490h1595003310981i1595003310982j1595014111834
14 800 901;17.07.2020 19:24:55;9164375204;bidinfo*a1595003073182b1595003092604c1595003092604d1595013893149e1595013894555f1595003095504g1595003095519h1595003094003i1595003094003j1595013894837
14 800 907;17.07.2020 19:25:34;9164375204;bidlist*a1595003129852b1595003131438c1595003131438d1595013930633e1595013933289f1595003134231g1595003134231h1595003132816i1595003132858j1595013933649
14 800 909;17.07.2020 19:25:44;9164375204;bidinfo*a1595003141184b1595003142781c1595003142781d1595013941977e1595013943867f1595003144794g1595003144794h1595003143296i1595003143299j1595013944102
14 800 905;17.07.2020 19:25:27;9164375204;bidlist*a1595003123655b1595003125228c1595003125228d1595013924430e1595013926258f1595003127163g1595003127163h1595003125694i1595003125740j1595013926555
14 800 921;17.07.2020 19:27:19;9164375204;bidlist*a1595003235196b1595003236781c1595003236781d1595014035961e1595014038008f1595003238934g1595003238934h1595003237448i1595003237504j1595014038289
14 800 924;17.07.2020 19:27:24;9164375204;bidlist*a1595003240582b1595003242195c1595003242195d1595014041382e1595014043944f1595003244894g1595003244894h1595003243424i1595003243476j1595014044256
14 800 910;17.07.2020 19:26:26;9164375204;bidinfo*a1595003183227b1595003184829c1595003184829d1595013984008e1595013985508f1595003186436g1595003186436h1595003184956i1595003184958j1595013985758
14 800 931;17.07.2020 19:27:42;9164375204;bidinfo*a1595003259056b1595003260650c1595003260650d1595014059834e1595014061397f1595003262351g1595003262351h1595003260836i1595003260838j1595014061647
14 800 935;17.07.2020 19:29:02;9164375204;bidlist*a1595003338748b1595003340492c1595003340492d1595014139771e1595014141287f1595003342224g1595003342224h1595003340745i1595003340768j1595014141552
14 800 937;17.07.2020 19:29:09;9164375204;bidlist*a1595003343544b1595003345141c1595003345141d1595014144380e1595014148146f1595003349088g1595003349088h1595003347626i1595003347678j1595014148568
14 803 203;18.07.2020 8:03:58;9164375204;bidlist*a1595048633951b1595048635529c1595048635529d1595059434719e1595059437859f1595048638821g1595048638821h1595048637324i1595048637376j1595059438172
14 803 204;18.07.2020 8:03:59;9164375204;bidlist*a1595048633938b1595048635529c1595048635529d1595059434719e1595059438125f1595048639133g1595048639133h1595048637688i1595048637754j1595059438578
14 803 162;18.07.2020 8:03:31;9164375204;masterlist*a1595048604513b1595048606136c1595048606136d1595059408375e1595059409594f1595048610677g1595048610677h1595048609191i1595048609191j1595059410735
14 803 171;18.07.2020 8:03:36;9164375204;bidlist*a1595048612862b1595048614437c1595048614437d1595059413625e1595059415516f1595048616465g1595048616465h1595048614944i1595048614985j1595059415781
14 803 192;18.07.2020 8:03:50;9164375204;masterlist*a1595048626746b1595048628337c1595048628337d1595059427578e1595059429203f1595048630162g1595048630162h1595048628668i1595048628669j1595059429469
14 803 201;18.07.2020 8:03:57;9164375204;bidlist*a1595048633962b1595048635529c1595048635529d1595059434719e1595059436625f1595048637573g1595048637573h1595048636063i1595048636106j1595059436969
14 803 146;18.07.2020 8:03:16;9164375204;bidlist*a1595048589139b1595048591361c1595048591361d1595059390672e1595059395063f1595048596042g1595048596042h1595048594548i1595048594571j1595059395375
14 803 173;18.07.2020 8:03:37;9164375204;bidlist*a1595048612836b1595048614405c1595048614405d1595059413594e1595059416188f1595048617214g1595048617214h1595048615797i1595048615843j1595059416641
14 803 085;18.07.2020 8:02:33;9164375204;bidinfo*a1595048550452b1595048552029c1595048552029d1595059351219e1595059351876f1595048552871g1595048552871h1595048551485i1595048551486j1595059352344
14 803 090;18.07.2020 8:02:39;9164375204;bidlist*a1595048555925b1595048557490c1595048557490d1595059356672e1595059358766f1595048559737g1595048559737h1595048558281i1595048558320j1595059359110
14 803 093;18.07.2020 8:02:40;9164375204;bidlist*a1595048555901b1595048557490c1595048557490d1595059356672e1595059359376f1595048560392g1595048560392h1595048559056i1595048559117j1595059359985
14 803 066;18.07.2020 8:02:26;9164375204;bidlist*a1595048540759b1595048542323c1595048542323d1595059341547e1595059345469f1595048546412g1595048546412h1595048544906i1595048544952j1595059345891
14 803 119;18.07.2020 8:02:54;9164375204;bidlist*a1595048567806b1595048569379c1595048569379d1595059368594e1595059372250f1595048573248g1595048573248h1595048572498i1595048572548j1595059374063
14 802 989;18.07.2020 8:01:13;9164375204;bidlist*a1595048469609b1595048471394c1595048471394d1595059270579e1595059272157f1595048473109g1595048473109h1595048471615i1595048471647j1595059272610
14 803 069;18.07.2020 8:02:26;9164375204;bidlist*a1595048540740b1595048542308c1595048542308d1595059341547e1595059345485f1595048546474g1595048546474h1595048545005i1595048545030j1595059346079
14 803 177;18.07.2020 8:03:44;9164375204;bidlist*a1595048619027b1595048620646c1595048620646d1595059419844e1595059421297f1595048622268g1595048622268h1595048620792i1595048620835j1595059423656
14 803 065;18.07.2020 8:02:26;9164375204;bidlist*a1595048540727b1595048542308c1595048542308d1595059341547e1595059344594f1595048545553g1595048545553h1595048544096i1595048544144j1595059345329
14 803 097;18.07.2020 8:02:41;9164375204;bidlist*a1595048555913b1595048557490c1595048557490d1595059356672e1595059360641f1595048561593g1595048561593h1595048560127i1595048560179j1595059361047
14 803 115;18.07.2020 8:02:52;9164375204;bidlist*a1595048567818b1595048569394c1595048569394d1595059368594e1595059371329f1595048572280g1595048572280h1595048570804i1595048570844j1595059371844
14 803 051;18.07.2020 8:02:16;9164375204;masterlist*a1595048530698b1595048532275c1595048532275d1595059331485e1595059334907f1595048535973g1595048535973h1595048534506i1595048534506j1595059336251
14 803 068;18.07.2020 8:02:26;9164375204;bidlist*a1595048540714b1595048542277c1595048542277d1595059341516e1595059344813f1595048545834g1595048545834h1595048544498i1595048544569j1595059345922
14 803 104;18.07.2020 8:02:45;9164375204;masterlist*a1595048562185b1595048563793c1595048563793d1595059362985e1595059364375f1595048565306g1595048565306h1595048563792i1595048563793j1595059364594
14 803 114;18.07.2020 8:02:51;9164375204;bidlist*a1595048567829b1595048569394c1595048569394d1595059368594e1595059370657f1595048571594g1595048571594h1595048570121i1595048570152j1595059370922
14 803 268;18.07.2020 8:04:44;9164375204;bidinfo*a1595048682386b1595048683984c1595048683984d1595059483156e1595059483640f1595048684593g1595048684593h1595048683068i1595048683070j1595059483859
14 803 220;18.07.2020 8:04:09;9164375204;bidinfo*a1595048646658b1595048648259c1595048648259d1595059447469e1595059448047f1595048648992g1595048648992h1595048647508i1595048647510j1595059448297
14 803 172;18.07.2020 8:03:36;9164375204;bidlist*a1595048612849b1595048614437c1595048614437d1595059413610e1595059415969f1595048616933g1595048616948h1595048615438i1595048615486j1595059416281
14 803 250;18.07.2020 8:04:32;9164375204;bidlist*a1595048666375b1595048667963c1595048667963d1595059467140e1595059471844f1595048672799g1595048672799h1595048671317i1595048671363j1595059472203
14 803 245;18.07.2020 8:04:30;9164375204;bidlist*a1595048666388b1595048667963c1595048667963d1595059467140e1595059469125f1595048670069g1595048670069h1595048668550i1595048668591j1595059469375
14 803 247;18.07.2020 8:04:31;9164375204;bidlist*a1595048666361b1595048667963c1595048667963d1595059467140e1595059470453f1595048671457g1595048671457h1595048670105i1595048670158j1595059470953
14 803 347;18.07.2020 8:06:02;9164375204;bidlist*a1595048756999b1595048758594c1595048758594d1595059557765e1595059561562f1595048762554g1595048762554h1595048761087i1595048761127j1595059561968
14 803 348;18.07.2020 8:06:03;9164375204;bidlist*a1595048756970b1595048758594c1595048758594d1595059557780e1595059561890f1595048762944g1595048762944h1595048761484i1595048761541j1595059562374
14 803 291;18.07.2020 8:05:06;9164375204;bidlist*a1595048701888b1595048703610c1595048703610d1595059502875e1595059505000f1595048706012g1595048706012h1595048704525i1595048704569j1595059505406
14 803 343;18.07.2020 8:06:00;9164375204;bidlist*a1595048757019b1595048758781c1595048758781d1595059557968e1595059559796f1595048760761g1595048760761h1595048759276i1595048759300j1595059560124
14 803 376;18.07.2020 8:06:30;9164375204;bidinfo*a1595048786566b1595048789324c1595048789324d1595059588546e1595059589202f1595048790166g1595048790166h1595048788684i1595048788686j1595059589530
14 804 047;18.07.2020 8:17:01;9164375204;bidlist*a1595049416016b1595049417719c1595049417719d1595060216915e1595060220915f1595049421838g1595049421838h1595049420422i1595049420468j1595060221259
14 804 046;18.07.2020 8:16:59;9164375204;bidlist*a1595049416032b1595049417734c1595049417734d1595060216931e1595060218525f1595049419451g1595049419451h1595049417990i1595049418033j1595060218900
14 804 048;18.07.2020 8:17:02;9164375204;bidlist*a1595049416002b1595049417688c1595049417688d1595060216884e1595060221337f1595049422322g1595049422322h1595049421015i1595049421064j1595060221837
14 804 086;18.07.2020 8:17:44;9164375204;bidlist*a1595049461140b1595049462704c1595049462704d1595060261915e1595060263368f1595049464295g1595049464295h1595049462787i1595049462821j1595060263587
14 804 088;18.07.2020 8:17:45;9164375204;bidlist*a1595049461129b1595049462688c1595049462688d1595060261899e1595060264134f1595049465075g1595049465075h1595049463640i1595049463690j1595060264462
14 804 089;18.07.2020 8:17:45;9164375204;bidlist*a1595049461117b1595049462688c1595049462688d1595060261868e1595060264415f1595049465403g1595049465403h1595049464075i1595049464127j1595060264899
14 804 082;18.07.2020 8:17:37;9164375204;masterlist*a1595049455028b1595049456619c1595049456619d1595060255790e1595060256899f1595049457820g1595049457820h1595049456317i1595049456317j1595060257102
14 805 017;18.07.2020 9:06:11;9164375204;bidlist*a1595052367413b1595052369273c1595052369273d1595063168473e1595063170598f1595052371518g1595052371518h1595052370026i1595052370089j1595063170942
14 805 019;18.07.2020 9:06:12;9164375204;bidlist*a1595052367397b1595052369195c1595052369195d1595063168395e1595063171332f1595052372282g1595052372282h1595052370854i1595052370898j1595063171707
14 805 020;18.07.2020 9:06:12;9164375204;bidlist*a1595052367371b1595052369086c1595052369086d1595063168285e1595063171270f1595052372313g1595052372313h1595052371107i1595052371161j1595063171942
14 805 028;18.07.2020 9:06:28;9164375204;bidinfo*a1595052386178b1595052387764c1595052387764d1595063186973e1595063187520f1595052388450g1595052388450h1595052387060i1595052387062j1595063187863
14 805 393;18.07.2020 9:24:21;9164375204;bidlist*a1595053458610b1595053460352c1595053460352d1595064259572e1595064260760f1595053461709g1595053461709h1595053460192i1595053460235j1595064261103
14 805 395;18.07.2020 9:24:24;9164375204;bidlist*a1595053458629b1595053460524c1595053460524d1595064259713e1595064262994f1595053464003g1595053464003h1595053462703i1595053462757j1595064263541
14 805 394;18.07.2020 9:24:23;9164375204;bidlist*a1595053458646b1595053460555c1595053460555d1595064259760e1595064262963f1595053463909g1595053463909h1595053462448i1595053462483j1595064263260
14 805 540;18.07.2020 9:29:26;9164375204;bidlist*a1595053762962b1595053764690c1595053764690d1595064563883e1595064565226f1595053766172g1595053766172h1595053764642i1595053764683j1595064565461
14 805 541;18.07.2020 9:29:27;9164375204;bidlist*a1595053762924b1595053764690c1595053764690d1595064563883e1595064566039f1595053767030g1595053767030h1595053765708i1595053765770j1595064566555
14 805 543;18.07.2020 9:29:27;9164375204;bidlist*a1595053762940b1595053764690c1595053764690d1595064563867e1595064566805f1595053767747g1595053767747h1595053766291i1595053766338j1595064567117
14 805 552;18.07.2020 9:29:39;9164375204;bidinfo*a1595053776885b1595053778481c1595053778481d1595064577679e1595064579054f1595053779994g1595053779994h1595053778474i1595053778476j1595064579273
14 805 644;18.07.2020 9:35:55;9164375204;bidlist*a1595054151978b1595054153781c1595054153781d1595064952974e1595064954349f1595054155278g1595054155278h1595054153764i1595054153810j1595064954771
14 805 646;18.07.2020 9:35:56;9164375204;bidlist*a1595054151960b1595054153797c1595054153797d1595064952990e1595064955568f1595054156510g1595054156510h1595054155069i1595054155115j1595064955896
14 805 647;18.07.2020 9:35:57;9164375204;bidlist*a1595054151944b1595054153812c1595054153812d1595064953052e1595064955896f1595054156884g1595054156884h1595054155603i1595054155658j1595064956427
14 805 648;18.07.2020 9:36:04;9164375204;bidinfo*a1595054160747b1595054162341c1595054162341d1595064961521e1595064963661f1595054164602g1595054164602h1595054163082i1595054163084j1595064963880
14 806 013;18.07.2020 9:53:17;9164375204;bidlist*a1595055190641b1595055192352c1595055192352d1595065993248e1595065996029f1595055197017g1595055197017h1595055195798i1595055195855j1595065996654
14 806 012;18.07.2020 9:53:16;9164375204;bidlist*a1595055190661b1595055192399c1595055192399d1595065991920e1595065994951f1595055195878g1595055195878h1595055194456i1595055194501j1595065995326
14 806 010;18.07.2020 9:53:13;9164375204;bidlist*a1595055190624b1595055192352c1595055192352d1595065991545e1595065992936f1595055193865g1595055193865h1595055192385i1595055192411j1595065993217
14 806 201;18.07.2020 10:00:40;9164375204;bidlist*a1595055636644b1595055638238c1595055638238d1595066437415e1595066439259f1595055640203g1595055640203h1595055638684i1595055638718j1595066439524
14 806 203;18.07.2020 10:00:41;9164375204;bidlist*a1595055636682b1595055638581c1595055638581d1595066437774e1595066440524f1595055641483g1595055641483h1595055640049i1595055640091j1595066440915
14 806 204;18.07.2020 10:00:42;9164375204;bidlist*a1595055636662b1595055638253c1595055638253d1595066437478e1595066440712f1595055641779g1595055641779h1595055640586i1595055640635j1595066441431
14 806 221;18.07.2020 10:01:05;9164375204;bidlist*a1595055661812b1595055663391c1595055663391d1595066462634e1595066464181f1595055665215g1595055665215h1595055663696i1595055663725j1595066464665
14 806 216;18.07.2020 10:00:56;9164375204;masterlist*a1595055652822b1595055654551c1595055654551d1595066453806e1595066455806f1595055656749g1595055656749h1595055655227i1595055655227j1595066456071
14 806 226;18.07.2020 10:01:08;9164375204;bidlist*a1595055661801b1595055663375c1595055663375d1595066462712e1595066467212f1595055668162g1595055668162h1595055666693i1595055666734j1595066468274
14 806 380;18.07.2020 10:04:54;9164375204;bidlist*a1595055890123b1595055891702c1595055891702d1595066690882e1595066693101f1595055894074g1595055894074h1595055892550i1595055892593j1595066693429
14 806 376;18.07.2020 10:04:39;9164375204;bidlist*a1595055876467b1595055878083c1595055878083d1595066677257e1595066678445f1595055879394g1595055879394h1595055877867i1595055877908j1595066678710
14 806 377;18.07.2020 10:04:40;9164375204;bidlist*a1595055876556b1595055878317c1595055878317d1595066677492e1595066679773f1595055880720g1595055880720h1595055879275i1595055879333j1595066680195
14 806 379;18.07.2020 10:04:45;9164375204;masterlist*a1595055882464b1595055884058c1595055884058d1595066683226e1595066684367f1595055885306g1595055885306h1595055883786i1595055883786j1595066684570
14 806 378;18.07.2020 10:04:41;9164375204;bidlist*a1595055876514b1595055878130c1595055878130d1595066677304e1595066680304f1595055881312g1595055881312h1595055879967i1595055880072j1595066680867
14 806 382;18.07.2020 10:04:54;9164375204;bidlist*a1595055890099b1595055891687c1595055891687d1595066690867e1595066693663f1595055894682g1595055894682h1595055893324i1595055893383j1595066694163
14 806 381;18.07.2020 10:04:54;9164375204;bidlist*a1595055890111b1595055891687c1595055891687d1595066690867e1595066693304f1595055894261g1595055894261h1595055892754i1595055892801j1595066693601
14 806 812;18.07.2020 10:23:10;9164375204;bidlist*a1595056986747b1595056988653c1595056988653d1595067787828e1595067789421f1595056990384g1595056990384h1595056988854i1595056988881j1595067789687
14 806 814;18.07.2020 10:23:11;9164375204;bidlist*a1595056986776b1595056988668c1595056988668d1595067787859e1595067790374f1595056991336g1595056991336h1595056989909i1595056989956j1595067790749
14 806 817;18.07.2020 10:23:12;9164375204;bidlist*a1595056986762b1595056988668c1595056988668d1595067787906e1595067790859f1595056991882g1595056991882h1595056990591i1595056990652j1595067791577
14 806 824;18.07.2020 10:23:28;9164375204;bidinfo*a1595057004843b1595057006452c1595057006452d1595067805624e1595067807281f1595057008215g1595057008215h1595057006712i1595057006714j1595067807515
14 807 287;18.07.2020 10:38:33;9164375204;bidlist*a1595057908875b1595057910970c1595057910970d1595068710275e1595068712275f1595057913216g1595057913216h1595057911706i1595057911756j1595068712571
14 807 294;18.07.2020 10:38:34;9164375204;bidlist*a1595057908859b1595057910736c1595057910736d1595068709993e1595068713868f1595057914823g1595057914823h1595057913384i1595057913431j1595068714259
14 807 292;18.07.2020 10:38:34;9164375204;bidlist*a1595057908845b1595057910860c1595057910860d1595068710150e1595068712884f1595057913887g1595057913887h1595057912598i1595057912652j1595068713446
14 807 300;18.07.2020 10:38:45;9164375204;bidinfo*a1595057922068b1595057923684c1595057923684d1595068722837e1595068724478f1595057925416g1595057925416h1595057923914i1595057923916j1595068724681
14 807 840;18.07.2020 11:00:35;9164375204;bidlist*a1595059228695b1595059230647c1595059230647d1595070029874e1595070033687f1595059234703g1595059234703h1595059233517i1595059233569j1595070034390
14 807 838;18.07.2020 11:00:33;9164375204;bidlist*a1595059228737b1595059230335c1595059230335d1595070029530e1595070032234f1595059233189g1595059233189h1595059231771i1595059231823j1595070032640
14 807 873;18.07.2020 11:01:03;9164375204;bidinfo*a1595059261514b1595059263126c1595059263126d1595070062311e1595070062827f1595059263843g1595059263843h1595059262342i1595059262344j1595070063265
14 807 877;18.07.2020 11:01:07;9164375204;masterlist*a1595059264956b1595059266573c1595059266573d1595070065765e1595070066936f1595059267884g1595059267884h1595059266384i1595059266384j1595070067186
14 807 836;18.07.2020 11:00:32;9164375204;bidlist*a1595059228721b1595059230335c1595059230335d1595070029562e1595070031702f1595059232675g1595059232675h1595059231175i1595059231222j1595070032062
14 807 870;18.07.2020 11:01:02;9164375204;bidlist*a1595059256624b1595059258227c1595059258227d1595070057405e1595070060905f1595059261878g1595059261878h1595059260380i1595059260425j1595070061311
14 807 889;18.07.2020 11:01:18;9164375204;bidinfo*a1595059276585b1595059278195c1595059278195d1595070077374e1595070077858f1595059278804g1595059278804h1595059277302i1595059277308j1595070078124
14 807 863;18.07.2020 11:00:54;9164375204;masterlist*a1595059251629b1595059253251c1595059253251d1595070052452e1595070053921f1595059254873g1595059254873h1595059253398i1595059253398j1595070054187
14 807 869;18.07.2020 11:01:01;9164375204;bidlist*a1595059256613b1595059258212c1595059258212d1595070057390e1595070060390f1595059261425g1595059261425h1595059260186i1595059260258j1595070061186
14 807 895;18.07.2020 11:01:26;9164375204;bidlist*a1595059282213b1595059283811c1595059283811d1595070083093e1595070085889f1595059286900g1595059286900h1595059285384i1595059285431j1595070086280
14 807 899;18.07.2020 11:01:27;9164375204;bidlist*a1595059282201b1595059283796c1595059283796d1595070083061e1595070086593f1595059287540g1595059287540h1595059286238i1595059286278j1595070087139
14 807 868;18.07.2020 11:01:00;9164375204;bidlist*a1595059256637b1595059258227c1595059258227d1595070057405e1595070059608f1595059260583g1595059260583h1595059259062i1595059259101j1595070059921
14 807 898;18.07.2020 11:01:27;9164375204;bidlist*a1595059282189b1595059283796c1595059283796d1595070082999e1595070086343f1595059287368g1595059287368h1595059286136i1595059286201j1595070087077
14 807 930;18.07.2020 11:01:53;9164375204;bidlist*a1595059307187b1595059309146c1595059309146d1595070108358e1595070111733f1595059312749g1595059312749h1595059311517i1595059311555j1595070112342
14 807 931;18.07.2020 11:01:53;9164375204;bidlist*a1595059307200b1595059309785c1595059309785d1595070108952e1595070111842f1595059312827g1595059312827h1595059311648i1595059311688j1595070112483
14 807 935;18.07.2020 11:01:56;9164375204;bidlist*a1595059311599b1595059313186c1595059313186d1595070112358e1595070115311f1595059316259g1595059316275h1595059314772i1595059314800j1595070115624
14 807 928;18.07.2020 11:01:50;9164375204;bidlist*a1595059307173b1595059308896c1595059308896d1595070108108e1595070109936f1595059310877g1595059310877h1595059309381i1595059309407j1595070110202
14 807 942;18.07.2020 11:02:01;9164375204;bidinfo*a1595059317937b1595059319551c1595059319551d1595070118733e1595070120389f1595059321345g1595059321345h1595059319830i1595059319833j1595070120733
14 808 296;18.07.2020 11:14:20;9164375204;bidphotoadd*a1595060058362b1595060060456c1595060060456d1595070859681e1595070860009f1595060060939g1595060060939h1595060059410i1595060059439j1595070860259
14 808 487;18.07.2020 11:22:32;9164375204;bidphotoadd*a1595060549352b1595060551869c1595060551869d1595071351100e1595071351287f1595060552228g1595060552228h1595060550734i1595060550768j1595071351678
14 808 591;18.07.2020 11:26:34;9164375204;bidphotoadd*a1595060792604b1595060794501c1595060794501d1595071593769e1595071593941f1595060794844g1595060794844h1595060793350i1595060793373j1595071594159
14 808 731;18.07.2020 11:31:47;9164375204;bidlist*a1595061103490b1595061105200c1595061105200d1595071904407e1595071906829f1595061107759g1595061107759h1595061106274i1595061106311j1595071907126
14 808 604;18.07.2020 11:27:23;9164375204;bidinfo*a1595060815038b1595060838389c1595060838389d1595071638565e1595071639471f1595060840418g1595060840418h1595060838942i1595060838943j1595071642721
14 808 733;18.07.2020 11:31:48;9164375204;bidlist*a1595061103506b1595061105200c1595061105200d1595071904407e1595071907657f1595061108633g1595061108633h1595061107308i1595061107365j1595071908142
14 808 730;18.07.2020 11:31:47;9164375204;bidlist*a1595061103522b1595061105200c1595061105200d1595071904407e1595071906720f1595061107634g1595061107634h1595061106172i1595061106238j1595071907032
14 808 739;18.07.2020 11:31:59;9164375204;bidlist*a1595061117027b1595061118589c1595061118589d1595071917798e1595071919001f1595061119915g1595061119915h1595061118420i1595061118463j1595071919251
14 809 580;18.07.2020 12:01:39;9164375204;masterlist*a1595062896774b1595062898376c1595062898376d1595073697564e1595073698861f1595062899796g1595062899796h1595062898284i1595062898284j1595073699095
14 809 555;18.07.2020 12:00:58;9164375204;bidinfo*a1595062855264b1595062856863c1595062856863d1595073656033e1595073657033f1595062857971g1595062857971h1595062856481i1595062856483j1595073657299
14 809 570;18.07.2020 12:01:30;9164375204;bidlist*a1595062884741b1595062886348c1595062886348d1595073685564e1595073688033f1595062889063g1595062889063h1595062888566i1595062888627j1595073689408
14 809 545;18.07.2020 12:00:43;9164375204;masterlist*a1595062840075b1595062841684c1595062841684d1595073640861e1595073642221f1595062843151g1595062843151h1595062841641i1595062841641j1595073642439
14 809 550;18.07.2020 12:00:51;9164375204;bidlist*a1595062846094b1595062847706c1595062847706d1595073646908e1595073649017f1595062850015g1595062850015h1595062848530i1595062848575j1595073651064
14 809 552;18.07.2020 12:00:54;9164375204;bidlist*a1595062846073b1595062847659c1595062847659d1595073646924e1595073650424f1595062851513g1595062851513h1595062850352i1595062850415j1595073653377
14 809 540;18.07.2020 12:00:33;9164375204;bidlist*a1595062828004b1595062829749c1595062829749d1595073628971e1595073632127f1595062833088g1595062833088h1595062831652i1595062831701j1595073632564
14 809 542;18.07.2020 12:00:34;9164375204;bidlist*a1595062827990b1595062829749c1595062829749d1595073628986e1595073632783f1595062833806g1595062833806h1595062832738i1595062832789j1595073633596
14 809 538;18.07.2020 12:00:31;9164375204;bidlist*a1595062827973b1595062829734c1595062829734d1595073628971e1595073630518f1595062831481g1595062831481h1595062829977i1595062830020j1595073630846
14 809 567;18.07.2020 12:01:27;9164375204;bidlist*a1595062884767b1595062886348c1595062886348d1595073685548e1595073686986f1595062887940g1595062887940h1595062886457i1595062886487j1595073687283
14 809 551;18.07.2020 12:00:53;9164375204;bidlist*a1595062846084b1595062847659c1595062847659d1595073646924e1595073650299f1595062851294g1595062851294h1595062849843i1595062849886j1595073652892
14 809 564;18.07.2020 12:01:22;9164375204;bidinfo*a1595062880402b1595062882058c1595062882058d1595073681220e1595073681705f1595062882636g1595062882636h1595062881121i1595062881126j1595073681924
14 809 568;18.07.2020 12:01:28;9164375204;bidlist*a1595062884754b1595062886348c1595062886348d1595073685548e1595073687845f1595062888798g1595062888798h1595062887307i1595062887336j1595073688189
14 809 590;18.07.2020 12:01:48;9164375204;bidlist*a1595062903369b1595062904960c1595062904960d1595073704142e1595073707158f1595062908095g1595062908095h1595062906599i1595062906644j1595073707470
14 809 591;18.07.2020 12:01:48;9164375204;bidlist*a1595062903357b1595062904960c1595062904960d1595073704142e1595073706876f1595062907893g1595062907893h1595062907007i1595062907057j1595073707845
14 809 597;18.07.2020 12:01:56;9164375204;bidinfo*a1595062914295b1595062915894c1595062915894d1595073715064e1595073715470f1595062916409g1595062916409h1595062914926i1595062914927j1595073715720
14 809 588;18.07.2020 12:01:46;9164375204;bidlist*a1595062903383b1595062904975c1595062904975d1595073704189e1595073705705f1595062906676g1595062906676h1595062905171i1595062905213j1595073706048
14 809 655;18.07.2020 12:03:39;9164375204;masterlist*a1595063016857b1595063018448c1595063018448d1595073817641e1595073818845f1595063019805g1595063019805h1595063018320i1595063018321j1595073819110
14 809 668;18.07.2020 12:03:50;9164375204;bidlist*a1595063024817b1595063026389c1595063026389d1595073825594e1595073829094f1595063030025g1595063030025h1595063028546i1595063028591j1595073829391
14 809 661;18.07.2020 12:03:44;9164375204;bidinfo*a1595063021878b1595063023472c1595063023472d1595073822657e1595073823251f1595063024174g1595063024174h1595063022672i1595063022678j1595073823454
14 809 664;18.07.2020 12:03:48;9164375204;bidlist*a1595063024829b1595063026389c1595063026389d1595073825657e1595073827173f1595063028152g1595063028152h1595063026684i1595063026726j1595073827610
14 809 667;18.07.2020 12:03:49;9164375204;bidlist*a1595063024804b1595063026389c1595063026389d1595073825610e1595073828407f1595063029385g1595063029385h1595063028224i1595063028280j1595073829094
14 811 266;18.07.2020 13:01:06;9164375204;masterlist*a1595066463506b1595066465121c1595066465121d1595077264332e1595077265957f1595066466947g1595066466947h1595066465438i1595066465438j1595077266253
14 811 285;18.07.2020 13:01:20;9164375204;bidlist*a1595066475962b1595066477555c1595066477555d1595077276753e1595077279832f1595066480784g1595066480784h1595066479381i1595066479418j1595077280191
14 811 286;18.07.2020 13:01:21;9164375204;bidlist*a1595066475950b1595066477555c1595066477555d1595077276738e1595077279785f1595066480815g1595066480815h1595066479447i1595066479519j1595077280332
14 811 318;18.07.2020 13:01:57;9164375204;bidlist*a1595066511773b1595066513357c1595066513357d1595077312550e1595077315831f1595066516850g1595066516850h1595066515468i1595066515522j1595077316300
14 811 230;18.07.2020 13:00:37;9164375204;bidlist*a1595066432361b1595066434108c1595066434108d1595077233394e1595077236097f1595066437056g1595066437056h1595066435569i1595066435620j1595077236410
14 811 231;18.07.2020 13:00:37;9164375204;bidlist*a1595066432340b1595066434077c1595066434077d1595077233301e1595077236113f1595066437119g1595066437119h1595066435813i1595066435865j1595077236660
14 811 229;18.07.2020 13:00:36;9164375204;bidlist*a1595066432314b1595066434077c1595066434077d1595077233301e1595077235519f1595066436495g1595066436495h1595066435049i1595066435093j1595077235879
14 811 237;18.07.2020 13:00:44;9164375204;masterlist*a1595066442061b1595066443655c1595066443655d1595077242832e1595077243988f1595066444950g1595066444950h1595066443446i1595066443446j1595077244222
14 811 248;18.07.2020 13:00:52;9164375204;bidlist*a1595066447033b1595066448632c1595066448632d1595077247847e1595077251457f1595066452485g1595066452501h1595066451125i1595066451170j1595077252066
14 811 256;18.07.2020 13:01:02;9164375204;bidinfo*a1595066459679b1595066461284c1595066461284d1595077260488e1595077261300f1595066462266g1595066462266h1595066460755i1595066460757j1595077261660
14 811 297;18.07.2020 13:01:28;9164375204;masterlist*a1595066485383b1595066486993c1595066486993d1595077286222e1595077287613f1595066488568g1595066488568h1595066487055i1595066487055j1595077287847
14 811 310;18.07.2020 13:01:48;9164375204;masterlist*a1595066505744b1595066507351c1595066507351d1595077306519e1595077307863f1595066508880g1595066508880h1595066507369i1595066507369j1595077308175
14 811 246;18.07.2020 13:00:51;9164375204;bidlist*a1595066447046b1595066448647c1595066448647d1595077247832e1595077250707f1595066451658g1595066451658h1595066450181i1595066450215j1595077251004
14 811 275;18.07.2020 13:01:14;9164375204;bidinfo*a1595066471316b1595066472906c1595066472906d1595077272113e1595077273550f1595066474513g1595066474513h1595066473017i1595066473024j1595077273832
14 811 284;18.07.2020 13:01:19;9164375204;bidlist*a1595066475976b1595066477555c1595066477555d1595077276738e1595077278378f1595066479364g1595066479364h1595066477843i1595066477948j1595077278832
14 811 247;18.07.2020 13:00:51;9164375204;bidlist*a1595066447060b1595066448647c1595066448647d1595077247847e1595077250738f1595066451705g1595066451705h1595066450236i1595066450260j1595077251066
14 811 331;18.07.2020 13:02:15;9164375204;bidlist*a1595066530676b1595066532254c1595066532254d1595077331503e1595077333800f1595066534827g1595066534827h1595066533343i1595066533386j1595077334566
14 811 302;18.07.2020 13:01:37;9164375204;bidlist*a1595066491504b1595066493092c1595066493092d1595077292253e1595077296050f1595066497008g1595066497008h1595066495482i1595066495525j1595077296316
14 811 301;18.07.2020 13:01:36;9164375204;bidlist*a1595066491494b1595066493077c1595066493077d1595077292253e1595077295269f1595066496306g1595066496306h1595066494915i1595066494976j1595077295800
14 811 334;18.07.2020 13:02:16;9164375204;bidlist*a1595066530654b1595066532223c1595066532223d1595077331425e1595077335706f1595066536698g1595066536698h1595066535284i1595066535352j1595077336128
14 811 299;18.07.2020 13:01:34;9164375204;bidlist*a1595066491515b1595066493092c1595066493092d1595077292269e1595077293535f1595066494481g1595066494481h1595066492957i1595066492994j1595077293878
14 811 313;18.07.2020 13:01:55;9164375204;bidlist*a1595066511795b1595066513388c1595066513388d1595077312566e1595077314363f1595066515306g1595066515306h1595066513787i1595066513819j1595077314659
14 811 363;18.07.2020 13:02:33;9164375204;bidlist*a1595066548523b1595066550091c1595066550091d1595077349284e1595077352300f1595066553240g1595066553240h1595066551742i1595066551766j1595077352550
14 811 315;18.07.2020 13:01:55;9164375204;bidlist*a1595066511784b1595066513357c1595066513357d1595077312550e1595077314753f1595066515696g1595066515696h1595066514214i1595066514260j1595077315097
14 811 336;18.07.2020 13:02:17;9164375204;bidlist*a1595066530665b1595066532238c1595066532238d1595077331425e1595077336409f1595066537352g1595066537352h1595066535837i1595066535875j1595077336644
14 811 351;18.07.2020 13:02:25;9164375204;masterlist*a1595066542752b1595066544337c1595066544337d1595077343534e1595077344737f1595066545678g1595066545678h1595066544177i1595066544177j1595077344972
14 811 361;18.07.2020 13:02:31;9164375204;bidlist*a1595066548533b1595066550106c1595066550106d1595077349300e1595077350519f1595066551447g1595066551447h1595066549935i1595066549970j1595077350769
14 811 328;18.07.2020 13:02:08;9164375204;masterlist*a1595066523417b1595066525020c1595066525020d1595077324362e1595077327425f1595066528372g1595066528372h1595066526865i1595066526866j1595077327659
14 811 365;18.07.2020 13:02:33;9164375204;bidlist*a1595066548512b1595066550075c1595066550075d1595077349284e1595077352581f1595066553599g1595066553599h1595066552223i1595066552318j1595077353112
14 811 796;18.07.2020 13:17:02;9164375204;bidlist*a1595067419573b1595067421298c1595067421298d1595078220544e1595078221904f1595067422857g1595067422857h1595067421328i1595067421373j1595078222169
14 811 798;18.07.2020 13:17:04;9164375204;bidlist*a1595067419588b1595067421314c1595067421314d1595078220497e1595078223466f1595067424479g1595067424479h1595067423146i1595067423212j1595078223997
14 811 797;18.07.2020 13:17:04;9164375204;bidlist*a1595067419603b1595067421360c1595067421360d1595078220591e1595078223513f1595067424448g1595067424448h1595067422975i1595067423018j1595078223810
14 811 813;18.07.2020 13:17:28;9164375204;bidinfo*a1595067444738b1595067446993c1595067446993d1595078246216e1595078247685f1595067448630g1595067448630h1595067447134i1595067447136j1595078247950
14 811 922;18.07.2020 13:21:20;9164375204;bidlist*a1595067675099b1595067676843c1595067676843d1595078476074e1595078479214f1595067680182g1595067680182h1595067678688i1595067678729j1595078479543
14 811 924;18.07.2020 13:21:20;9164375204;bidlist*a1595067675086b1595067676687c1595067676687d1595078475871e1595078479355f1595067680416g1595067680416h1595067679000i1595067679063j1595078479871
14 811 915;18.07.2020 13:21:09;9164375204;bidlist*a1595067665281b1595067666874c1595067666874d1595078466058e1595078468168f1595067669121g1595067669121h1595067667692i1595067667715j1595078468668
14 811 916;18.07.2020 13:21:09;9164375204;bidlist*a1595067665268b1595067666874c1595067666874d1595078466058e1595078468261f1595067669261g1595067669261h1595067667909i1595067667985j1595078468761
14 811 914;18.07.2020 13:21:09;9164375204;bidlist*a1595067665295b1595067667030c1595067667030d1595078466230e1595078468168f1595067669105g1595067669105h1595067667612i1595067667660j1595078468464
14 811 921;18.07.2020 13:21:19;9164375204;bidlist*a1595067675115b1595067676703c1595067676703d1595078475886e1595078477418f1595067678403g1595067678403h1595067676885i1595067676929j1595078478621
14 812 155;18.07.2020 13:29:29;9164375204;bidlist*a1595068164402b1595068166157c1595068166157d1595078965351e1595078968601f1595068169559g1595068169559h1595068168070i1595068168107j1595078968883
14 812 153;18.07.2020 13:29:28;9164375204;bidlist*a1595068164385b1595068165970c1595068165970d1595078965195e1595078967273f1595068168264g1595068168264h1595068166896i1595068166967j1595078967758
14 812 152;18.07.2020 13:29:28;9164375204;bidlist*a1595068164369b1595068166095c1595068166095d1595078965305e1595078967055f1595068167983g1595068167983h1595068166471i1595068166526j1595078967383
14 812 924;18.07.2020 14:00:37;9164375204;bidlist*a1595070031512b1595070033095c1595070033095d1595080834958e1595080836302f1595070037261g1595070037261h1595070035735i1595070035779j1595080836599
14 812 938;18.07.2020 14:00:46;9164375204;bidinfo*a1595070044296b1595070045904c1595070045904d1595080845067e1595080845708f1595070046668g1595070046668h1595070045143i1595070045145j1595080845958
14 812 926;18.07.2020 14:00:38;9164375204;bidlist*a1595070031541b1595070033267c1595070033267d1595080834161e1595080837443f1595070038400g1595070038400h1595070036899i1595070036939j1595080837755
14 812 960;18.07.2020 14:01:10;9164375204;bidlist*a1595070064635b1595070066263c1595070066263d1595080865552e1595080868833f1595070069851g1595070069851h1595070068495i1595070068561j1595080869349
14 812 927;18.07.2020 14:00:38;9164375204;bidlist*a1595070031527b1595070033283c1595070033283d1595080834302e1595080837177f1595070038213g1595070038213h1595070036967i1595070037005j1595080837818
14 812 948;18.07.2020 14:00:59;9164375204;bidinfo*a1595070057865b1595070059461c1595070059461d1595080858646e1595080858942f1595070059882g1595070059882h1595070058343i1595070058349j1595080859192
14 812 961;18.07.2020 14:01:10;9164375204;bidlist*a1595070064656b1595070066263c1595070066263d1595080865474e1595080869427f1595070070366g1595070070366h1595070068870i1595070068919j1595080869708
14 812 947;18.07.2020 14:00:55;9164375204;masterlist*a1595070052881b1595070054515c1595070054515d1595080853739e1595080855021f1595070055966g1595070055966h1595070054463i1595070054463j1595080855255
14 812 959;18.07.2020 14:01:09;9164375204;bidlist*a1595070064675b1595070066278c1595070066278d1595080865567e1595080868739f1595070069695g1595070069695h1595070068175i1595070068213j1595080869052
14 813 767;18.07.2020 14:29:50;9164375204;bidlist*a1595071787411b1595071789155c1595071789155d1595082588352e1595082589602f1595071790543g1595071790543h1595071789034i1595071789091j1595082589883
14 813 768;18.07.2020 14:29:51;9164375204;bidlist*a1595071787428b1595071789030c1595071789030d1595082588196e1595082590211f1595071791199g1595071791214h1595071789906i1595071789970j1595082590743
14 813 770;18.07.2020 14:29:52;9164375204;bidlist*a1595071787445b1595071789280c1595071789280d1595082588446e1595082591399f1595071792353g1595071792353h1595071790832i1595071790877j1595082591664
14 813 910;18.07.2020 14:35:46;9164375204;bidlist*a1595072143362b1595072145102c1595072145102d1595082944303e1595082945662f1595072146615g1595072146615h1595072145108i1595072145152j1595082945943
14 813 911;18.07.2020 14:35:47;9164375204;bidlist*a1595072143400b1595072145273c1595072145273d1595082944443e1595082946787f1595072147738g1595072147738h1595072146236i1595072146286j1595082947084
14 813 912;18.07.2020 14:35:48;9164375204;bidlist*a1595072143379b1595072145117c1595072145117d1595082944303e1595082946803f1595072147801g1595072147801h1595072146487i1595072146548j1595082947349
14 814 520;18.07.2020 15:00:33;9164375204;bidlist*a1595073628784b1595073630382c1595073630382d1595084429571e1595084432134f1595073633097g1595073633097h1595073631653i1595073631688j1595084432556
14 814 522;18.07.2020 15:00:34;9164375204;bidlist*a1595073628815b1595073630725c1595073630725d1595084429931e1595084432259f1595073633253g1595073633253h1595073631762i1595073631801j1595084433681
14 814 560;18.07.2020 15:00:58;9164375204;bidlist*a1595073652356b1595073653956c1595073653956d1595084453149e1595084457774f1595073658745g1595073658745h1595073657219i1595073657251j1595084458071
14 814 548;18.07.2020 15:00:49;9164375204;masterlist*a1595073646237b1595073647841c1595073647841d1595084447009e1595084448462f1595073649416g1595073649416h1595073647891i1595073647891j1595084448696
14 814 540;18.07.2020 15:00:44;9164375204;bidlist*a1595073636570b1595073638620c1595073638620d1595084439665e1595084443243f1595073644205g1595073644205h1595073642680i1595073642727j1595084443540
14 814 917;18.07.2020 15:12:57;9164375204;bidlist*a1595074373372b1595074375186c1595074375186d1595085174472e1595085176910f1595074377838g1595074377838h1595074376359i1595074376410j1595085177207
14 814 918;18.07.2020 15:12:58;9164375204;bidlist*a1595074373356b1595074375123c1595074375123d1595085174332e1595085177019f1595074377994g1595074377994h1595074376768i1595074376829j1595085177629
14 814 519;18.07.2020 15:00:33;9164375204;bidlist*a1595073628770b1595073630367c1595073630367d1595084429556e1595084431868f1595073632878g1595073632878h1595073631560i1595073631619j1595084432431
14 814 926;18.07.2020 15:13:32;9164375204;bidlist*a1595074407380b1595074408969c1595074408969d1595085208160e1595085211191f1595074412183g1595074412183h1595074410931i1595074410983j1595085211785
14 814 554;18.07.2020 15:00:56;9164375204;bidlist*a1595073652346b1595073653956c1595073653956d1595084453134e1595084455477f1595073656545g1595073656545h1595073655231i1595073655275j1595084456134
14 814 527;18.07.2020 15:00:35;9164375204;bidinfo*a1595073633086b1595073634688c1595073634688d1595084434040e1595084434837f1595073635796g1595073635796h1595073634265i1595073634267j1595084435071
14 814 541;18.07.2020 15:00:44;9164375204;bidlist*a1595073636544b1595073638370c1595073638370d1595084438540e1595084443118f1595073644174g1595073644174h1595073642819i1595073642869j1595084443696
14 814 542;18.07.2020 15:00:44;9164375204;bidlist*a1595073636556b1595073638604c1595073638604d1595084438821e1595084443446f1595073644408g1595073644408h1595073642899i1595073642919j1595084443868
14 814 913;18.07.2020 15:12:56;9164375204;bidlist*a1595074373387b1595074375186c1595074375186d1595085174472e1595085175722f1595074376637g1595074376637h1595074375141i1595074375189j1595085176035
14 814 556;18.07.2020 15:00:56;9164375204;bidlist*a1595073652367b1595073653956c1595073653956d1595084453259e1595084455743f1595073656701g1595073656701h1595073655294i1595073655313j1595084456212
14 814 621;18.07.2020 15:01:47;9164375204;masterlist*a1595073704531b1595073706153c1595073706153d1595084505321e1595084506743f1595073707698g1595073707698h1595073706201i1595073706201j1595084506993
14 814 634;18.07.2020 15:01:58;9164375204;bidlist*a1595073713137b1595073714733c1595073714733d1595084513915e1595084517649f1595073718599g1595073718599h1595073717078i1595073717125j1595084517899
14 814 633;18.07.2020 15:01:58;9164375204;bidlist*a1595073713125b1595073714733c1595073714733d1595084513899e1595084517211f1595073718210g1595073718210h1595073716819i1595073716883j1595084517680
14 814 598;18.07.2020 15:01:24;9164375204;bidinfo*a1595073682422b1595073684048c1595073684048d1595084483212e1595084483665f1595073684610g1595073684610h1595073683084i1595073683086j1595084483868
14 814 639;18.07.2020 15:02:03;9164375204;masterlist*a1595073720129b1595073721749c1595073721749d1595084520914e1595084522086f1595073723043g1595073723043h1595073721545i1595073721545j1595084522368
14 814 625;18.07.2020 15:01:53;9164375204;bidinfo*a1595073710954b1595073712549c1595073712549d1595084511711e1595084512165f1595073713111g1595073713111h1595073711582i1595073711587j1595084512352
14 814 645;18.07.2020 15:02:12;9164375204;bidlist*a1595073728172b1595073729763c1595073729763d1595084528961e1595084531149f1595073732133g1595073732133h1595073730824i1595073730876j1595084531696
14 814 644;18.07.2020 15:02:11;9164375204;bidlist*a1595073728195b1595073729779c1595073729779d1595084528993e1595084530789f1595073731712g1595073731712h1595073730217i1595073730257j1595084531024
14 814 632;18.07.2020 15:01:56;9164375204;bidlist*a1595073713149b1595073714733c1595073714733d1595084513899e1595084515868f1595073716806g1595073716806h1595073715303i1595073715350j1595084516180
14 814 646;18.07.2020 15:02:12;9164375204;bidlist*a1595073728185b1595073729763c1595073729763d1595084528961e1595084531664f1595073732601g1595073732601h1595073731087i1595073731130j1595084531914
14 814 928;18.07.2020 15:13:35;9164375204;bidlist*a1595074411185b1595074412792c1595074412792d1595085211988e1595085214300f1595074415226g1595074415226h1595074413795i1595074413838j1595085214628
14 814 930;18.07.2020 15:13:39;9164375204;bidinfo*a1595074416482b1595074418081c1595074418081d1595085217253e1595085218722f1595074419642g1595074419642h1595074418143i1595074418144j1595085218941
14 814 925;18.07.2020 15:13:30;9164375204;bidlist*a1595074407408b1595074409265c1595074409265d1595085208457e1595085209816f1595074410732g1595074410732h1595074409233i1595074409282j1595085210238
14 814 927;18.07.2020 15:13:32;9164375204;bidlist*a1595074407392b1595074409047c1595074409047d1595085208238e1595085211769f1595074412698g1595074412698h1595074411226i1595074411269j1595085212066
14 815 958;18.07.2020 16:02:01;9164375204;bidlist*a1595077310221b1595077317846c1595077317846d1595088117009e1595088119056f1595077320013g1595077320013h1595077319472i1595077319512j1595088120649
14 815 960;18.07.2020 16:02:01;9164375204;bidlist*a1595077310207b1595077317643c1595077317643d1595088116821e1595088119946f1595077320917g1595077320917h1595077319798i1595077319843j1595088121040
14 815 961;18.07.2020 16:02:02;9164375204;bidlist*a1595077310193b1595077313823c1595077313823d1595088113040e1595088116743f1595077317752g1595077317752h1595077321038i1595077321097j1595088122196
14 816 025;18.07.2020 16:03:42;9164375204;bidlist*a1595077416970b1595077419447c1595077419447d1595088218618e1595088220664f1595077421615g1595077421615h1595077420248i1595077420291j1595088221368
14 816 030;18.07.2020 16:03:43;9164375204;bidlist*a1595077417002b1595077420321c1595077420321d1595088219555e1595088222680f1595077423628g1595077423628h1595077422229i1595077422262j1595088223071
14 816 029;18.07.2020 16:03:43;9164375204;bidlist*a1595077416985b1595077420305c1595077420305d1595088219493e1595088222164f1595077423191g1595077423191h1595077422154i1595077422202j1595088222993
14 816 044;18.07.2020 16:04:21;9164375204;masterlist*a1595077456880b1595077459492c1595077459492d1595088258664e1595088260258f1595077461192g1595077461192h1595077459699i1595077459700j1595088260602
14 816 058;18.07.2020 16:04:38;9164375204;bidlist*a1595077473569b1595077475524c1595077475524d1595088274820e1595088277648f1595077478597g1595077478597h1595077477164i1595077477208j1595088278008
14 816 051;18.07.2020 16:04:29;9164375204;bidinfo*a1595077465493b1595077467120c1595077467120d1595088266273e1595088268180f1595077469132g1595077469132h1595077467624i1595077467631j1595088268445
14 816 038;18.07.2020 16:04:12;9164375204;bidinfo*a1595077448125b1595077451349c1595077451349d1595088250524e1595088251180f1595077452113g1595077452113h1595077450822i1595077450824j1595088251617
14 816 105;18.07.2020 16:05:49;9164375204;bidlist*a1595077545851b1595077547523c1595077547523d1595088346742e1595088348195f1595077549130g1595077549130h1595077547651i1595077547693j1595088348539
14 816 080;18.07.2020 16:05:17;9164375204;bidlist*a1595077513945b1595077515588c1595077515588d1595088314758e1595088316679f1595077517616g1595077517616h1595077516160i1595077516201j1595088317179
14 816 118;18.07.2020 16:06:11;9164375204;bidlist*a1595077565483b1595077567273c1595077567273d1595088366445e1595088370054f1595077571048g1595077571048h1595077569601i1595077569647j1595088370507
14 816 083;18.07.2020 16:05:18;9164375204;bidlist*a1595077513931b1595077515557c1595077515557d1595088314726e1595088317258f1595077518193g1595077518193h1595077516699i1595077516741j1595088317679
14 816 099;18.07.2020 16:05:40;9164375204;bidlist*a1595077535426b1595077537039c1595077537039d1595088336211e1595088339320f1595077540268g1595077540268h1595077538793i1595077538837j1595088339664
14 816 101;18.07.2020 16:05:40;9164375204;bidlist*a1595077535413b1595077537023c1595077537023d1595088336211e1595088339211f1595077540222g1595077540222h1595077539076i1595077539123j1595088339945
14 816 122;18.07.2020 16:06:23;9164375204;bidinfo*a1595077577971b1595077580237c1595077580237d1595088379413e1595088381101f1595077582046g1595077582046h1595077582149i1595077582151j1595088382960
14 816 071;18.07.2020 16:04:56;9164375204;bidlist*a1595077488659b1595077494184c1595077494184d1595088293367e1595088295008f1595077495962g1595077495962h1595077494476i1595077494509j1595088295383
14 816 090;18.07.2020 16:05:31;9164375204;masterlist*a1595077527896b1595077529488c1595077529488d1595088328679e1595088330257f1595077531204g1595077531204h1595077529712i1595077529712j1595088330523
14 816 079;18.07.2020 16:05:09;9164375204;masterlist*a1595077502994b1595077505260c1595077505260d1595088304461e1595088307554f1595077508505g1595077508505h1595077508316i1595077508317j1595088309133
14 816 084;18.07.2020 16:05:19;9164375204;bidlist*a1595077513920b1595077515525c1595077515525d1595088314695e1595088317664f1595077518661g1595077518661h1595077517776i1595077517836j1595088318679
14 816 098;18.07.2020 16:05:39;9164375204;bidlist*a1595077535441b1595077537055c1595077537055d1595088336320e1595088337804f1595077538755g1595077538755h1595077537271i1595077537313j1595088338336
14 816 106;18.07.2020 16:05:51;9164375204;bidlist*a1595077545839b1595077547492c1595077547492d1595088346726e1595088349476f1595077550440g1595077550440h1595077548958i1595077549006j1595088351101
14 816 107;18.07.2020 16:05:52;9164375204;bidlist*a1595077545826b1595077547460c1595077547460d1595088346632e1595088349445f1595077550456g1595077550456h1595077549437i1595077549502j1595088351710
14 816 113;18.07.2020 16:06:06;9164375204;masterlist*a1595077553921b1595077560175c1595077560175d1595088359554e1595088361023f1595077561969g1595077561969h1595077560902i1595077560902j1595088365413
14 816 120;18.07.2020 16:06:12;9164375204;bidlist*a1595077565472b1595077567179c1595077567179d1595088366382e1595088371492f1595077572468g1595077572468h1595077571079i1595077571111j1595088372038
14 816 102;18.07.2020 16:05:43;9164375204;masterlist*a1595077540932b1595077542577c1595077542577d1595088341757e1595088342929f1595077543857g1595077543857h1595077542363i1595077542363j1595088343179
14 816 119;18.07.2020 16:06:12;9164375204;bidlist*a1595077565463b1595077567117c1595077567117d1595088366335e1595088371132f1595077572140g1595077572140h1595077571000i1595077571056j1595088371929
14 816 868;18.07.2020 16:42:43;9164375204;bidlist*a1595079757823b1595079759438c1595079759438d1595090558613e1595090561801f1595079762854g1595079762854h1595079761596i1595079761643j1595090562848
14 816 869;18.07.2020 16:42:43;9164375204;bidlist*a1595079757853b1595079759781c1595079759781d1595090559176e1595090562348f1595079763322g1595079763322h1595079761797i1595079761840j1595090563004
14 816 870;18.07.2020 16:42:43;9164375204;bidlist*a1595079757839b1595079759765c1595079759765d1595090559113e1595090562801f1595079763774g1595079763774h1595079762285i1595079762325j1595090563129
14 816 876;18.07.2020 16:42:50;9164375204;bidinfo*a1595079767161b1595079768766c1595079768766d1595090567941e1595090569863f1595079770810g1595079770810h1595079769286i1595079769288j1595090570082
14 816 875;18.07.2020 16:42:48;9164375204;bidlist*a1595079764913b1595079766520c1595079766520d1595090565691e1595090567723f1595079768657g1595079768657h1595079767176i1595079767189j1595090567957
14 816 952;18.07.2020 16:46:20;9164375204;bidlist*a1595079977774b1595079979693c1595079979693d1595090778862e1595090779971f1595079980910g1595079980910h1595079979385i1595079979433j1595090780237
14 816 954;18.07.2020 16:46:22;9164375204;bidlist*a1595079977734b1595079979693c1595079979693d1595090778862e1595090780784f1595079981783g1595079981783h1595079980595i1595079980649j1595090781471
14 816 953;18.07.2020 16:46:21;9164375204;bidlist*a1595079977754b1595079979693c1595079979693d1595090778862e1595090780971f1595079981908g1595079981908h1595079980434i1595079980482j1595090781284
14 816 970;18.07.2020 16:46:57;9164375204;bidlist*a1595080012794b1595080014403c1595080014403d1595090813580e1595090815877f1595080016899g1595080016899h1595080016441i1595080016471j1595090817268
14 816 956;18.07.2020 16:46:25;9164375204;bidinfo*a1595079983171b1595079984810c1595079984810d1595090784003e1595090784549f1595079985512g1595079985512h1595079984027i1595079984029j1595090784987
14 816 968;18.07.2020 16:46:56;9164375204;bidlist*a1595080012818b1595080014419c1595080014419d1595090813580e1595090815018f1595080015963g1595080015963h1595080014470i1595080014536j1595090815346
14 816 969;18.07.2020 16:46:57;9164375204;bidlist*a1595080012807b1595080014403c1595080014403d1595090813580e1595090815987f1595080016930g1595080016930h1595080016364i1595080016411j1595090817237
14 817 110;18.07.2020 16:51:48;9164375204;bidlist*a1595080302536b1595080304406c1595080304406d1595091103765e1595091107421f1595080308368g1595080308368h1595080306859i1595080306897j1595091107671
14 817 321;18.07.2020 17:01:08;9164375204;bidlist*a1595080862452b1595080864085c1595080864085d1595091663402e1595091667745f1595080868734g1595080868734h1595080867211i1595080867251j1595091668167
14 817 323;18.07.2020 17:01:09;9164375204;bidlist*a1595080862415b1595080864054c1595080864054d1595091663292e1595091668027f1595080869092g1595080869092h1595080867726i1595080867777j1595091668605
14 817 109;18.07.2020 16:51:48;9164375204;bidlist*a1595080302519b1595080304390c1595080304390d1595091103796e1595091106718f1595080307729g1595080307729h1595080306507i1595080306570j1595091107358
14 817 251;18.07.2020 17:00:16;9164375204;bidlist*a1595080812524b1595080814118c1595080814118d1595091613308e1595091614964f1595080815912g1595080815912h1595080814438i1595080814485j1595091615699
14 817 319;18.07.2020 17:01:07;9164375204;bidlist*a1595080862487b1595080864116c1595080864116d1595091663448e1595091666683f1595080867688g1595080867688h1595080866195i1595080866240j1595091667136
14 817 106;18.07.2020 16:51:46;9164375204;bidlist*a1595080302503b1595080304375c1595080304375d1595091103733e1595091105374f1595080306340g1595080306340h1595080304822i1595080304863j1595091105640
14 817 287;18.07.2020 17:00:44;9164375204;bidlist*a1595080841331b1595080842916c1595080842916d1595091642136e1595091643917f1595080844866g1595080844866h1595080843401i1595080843445j1595091644230
14 817 308;18.07.2020 17:01:01;9164375204;bidinfo*a1595080857966b1595080859561c1595080859561d1595091658730e1595091660105f1595080861058g1595080861058h1595080859576i1595080859581j1595091660402
14 817 290;18.07.2020 17:00:46;9164375204;bidlist*a1595080841319b1595080842900c1595080842900d1595091642120e1595091645542f1595080846504g1595080846504h1595080844993i1595080845040j1595091645839
14 817 303;18.07.2020 17:00:55;9164375204;masterlist*a1595080851984b1595080853570c1595080853570d1595091652745e1595091654277f1595080855208g1595080855208h1595080853704i1595080853704j1595091654495
14 817 254;18.07.2020 17:00:18;9164375204;bidlist*a1595080812544b1595080814134c1595080814134d1595091613308e1595091617699f1595080818704g1595080818720h1595080817385i1595080817441j1595091618246
14 817 289;18.07.2020 17:00:46;9164375204;bidlist*a1595080841307b1595080842900c1595080842900d1595091642089e1595091645167f1595080846223g1595080846238h1595080844771i1595080844824j1595091645652
14 817 253;18.07.2020 17:00:18;9164375204;bidlist*a1595080812560b1595080814165c1595080814165d1595091613355e1595091616621f1595080817612g1595080817612h1595080816105i1595080816146j1595091617324
14 817 271;18.07.2020 17:00:36;9164375204;bidinfo*a1595080833964b1595080835833c1595080835833d1595091635027e1595091635636f1595080836598g1595080836598h1595080835075i1595080835077j1595091635949
14 817 357;18.07.2020 17:01:38;9164375204;bidlist*a1595080894293b1595080895878c1595080895878d1595091695058e1595091697355f1595080898343g1595080898343h1595080896815i1595080896859j1595091697714
14 817 358;18.07.2020 17:01:38;9164375204;bidlist*a1595080894280b1595080895862c1595080895862d1595091695089e1595091697573f1595080898530g1595080898530h1595080897009i1595080897056j1595091697917
14 817 294;18.07.2020 17:00:50;9164375204;bidinfo*a1595080848253b1595080849858c1595080849858d1595091649183e1595091649886f1595080850840g1595080850840h1595080849325i1595080849327j1595091650183
14 817 394;18.07.2020 17:02:02;9164375204;bidlist*a1595080918428b1595080920011c1595080920011d1595091719182e1595091721198f1595080922180g1595080922180h1595080920693i1595080920725j1595091721604
14 817 414;18.07.2020 17:02:19;9164375204;bidlist*a1595080934490b1595080936079c1595080936079d1595091735261e1595091738510f1595080939511g1595080939527h1595080938065i1595080938098j1595091738964
14 817 413;18.07.2020 17:02:19;9164375204;bidlist*a1595080934504b1595080936095c1595080936095d1595091735276e1595091738526f1595080939480g1595080939480h1595080937968i1595080938015j1595091738839
14 817 349;18.07.2020 17:01:31;9164375204;masterlist*a1595080888382b1595080889981c1595080889981d1595091689151e1595091690386f1595080891338g1595080891338h1595080889843i1595080889844j1595091690714
14 817 361;18.07.2020 17:01:39;9164375204;bidlist*a1595080894269b1595080895847c1595080895847d1595091695120e1595091698167f1595080899185g1595080899185h1595080897842i1595080897907j1595091698698
14 817 409;18.07.2020 17:02:17;9164375204;bidlist*a1595080934518b1595080936111c1595080936111d1595091735323e1595091736807f1595080937764g1595080937764h1595080936245i1595080936288j1595091737120
14 817 421;18.07.2020 17:02:36;9164375204;bidinfo*a1595080953886b1595080955502c1595080955502d1595091754667e1595091755135f1595080956079g1595080956079h1595080954564i1595080954566j1595091755432
14 817 423;18.07.2020 17:02:40;9164375204;bidlist*a1595080957253b1595080958840c1595080958840d1595091758057e1595091759401f1595080960338g1595080960338h1595080958844i1595080958884j1595091759667
14 817 425;18.07.2020 17:02:42;9164375204;bidlist*a1595080957237b1595080958825c1595080958825d1595091758010e1595091761885f1595080962865g1595080962865h1595080961377i1595080961419j1595091762213
14 817 387;18.07.2020 17:01:55;9164375204;masterlist*a1595080911909b1595080913506c1595080913506d1595091712745e1595091714839f1595080915784g1595080915784h1595080914248i1595080914248j1595091715089
14 817 429;18.07.2020 17:02:45;9164375204;bidinfo*a1595080963395b1595080964987c1595080964987d1595091764151e1595091764604f1595080965564g1595080965564h1595080964044i1595080964046j1595091764823
14 817 396;18.07.2020 17:02:04;9164375204;bidlist*a1595080918413b1595080919996c1595080919996d1595091719182e1595091723214f1595080924176g1595080924176h1595080922682i1595080922726j1595091723526
14 817 395;18.07.2020 17:02:03;9164375204;bidlist*a1595080918402b1595080919996c1595080919996d1595091719182e1595091722776f1595080923818g1595080923818h1595080922405i1595080922462j1595091723261
14 817 399;18.07.2020 17:02:11;9164375204;masterlist*a1595080928265b1595080929855c1595080929855d1595091729042e1595091730542f1595080931493g1595080931493h1595080929990i1595080929991j1595091730792
14 817 426;18.07.2020 17:02:43;9164375204;bidlist*a1595080957123b1595080958809c1595080958809d1595091758026e1595091761932f1595080962974g1595080962974h1595080961519i1595080961573j1595091762354
14 817 433;18.07.2020 17:02:51;9164375204;bidlist*a1595080966955b1595080968544c1595080968544d1595091767760e1595091770901f1595080971866g1595080971866h1595080970339i1595080970382j1595091771198
14 817 434;18.07.2020 17:02:53;9164375204;bidlist*a1595080966941b1595080968544c1595080968544d1595091767760e1595091772417f1595080973348g1595080973348h1595080971826i1595080971874j1595091772651
14 817 456;18.07.2020 17:04:49;9164375204;bidlist*a1595081085844b1595081087443c1595081087443d1595091886633e1595091888508f1595081089455g1595081089455h1595081087930i1595081087970j1595091888758
14 817 435;18.07.2020 17:02:53;9164375204;bidlist*a1595080966929b1595080968544c1595080968544d1595091767745e1595091772370f1595080973411g1595080973411h1595080972028i1595080972083j1595091772870
14 817 469;18.07.2020 17:05:26;9164375204;masterlist*a1595081123790b1595081125396c1595081125396d1595091924570e1595091925961f1595081126909g1595081126909h1595081125420i1595081125421j1595091926195
14 817 458;18.07.2020 17:04:51;9164375204;bidlist*a1595081085873b1595081087489c1595081087489d1595091886696e1595091889774f1595081090765g1595081090765h1595081089460i1595081089517j1595091890305
14 817 457;18.07.2020 17:04:50;9164375204;bidlist*a1595081085909b1595081087505c1595081087505d1595091886696e1595091889820f1595081090781g1595081090781h1595081089308i1595081089346j1595091890149
14 817 475;18.07.2020 17:05:39;9164375204;masterlist*a1595081136180b1595081137767c1595081137767d1595091936945e1595091938086f1595081139047g1595081139047h1595081137524i1595081137525j1595091938305
14 817 478;18.07.2020 17:05:45;9164375204;bidlist*a1595081140474b1595081142073c1595081142073d1595091941242e1595091944039f1595081145037g1595081145037h1595081143774i1595081143848j1595091944633
14 817 472;18.07.2020 17:05:35;9164375204;bidlist*a1595081132405b1595081133992c1595081133992d1595091933164e1595091934773f1595081135708g1595081135708h1595081134196i1595081134239j1595091935023
14 817 474;18.07.2020 17:05:36;9164375204;bidlist*a1595081132391b1595081133976c1595081133976d1595091933148e1595091935851f1595081136784g1595081136784h1595081135372i1595081135391j1595091936180
14 817 483;18.07.2020 17:06:01;9164375204;bidlist*a1595081157053b1595081158688c1595081158688d1595091957867e1595091960476f1595081161418g1595081161418h1595081159921i1595081159961j1595091960758
14 817 479;18.07.2020 17:05:45;9164375204;bidlist*a1595081140488b1595081142073c1595081142073d1595091941258e1595091944961f1595081145895g1595081145911h1595081144394i1595081144435j1595091945226
14 817 473;18.07.2020 17:05:36;9164375204;bidlist*a1595081132378b1595081133961c1595081133961d1595091933133e1595091935758f1595081136753g1595081136753h1595081135289i1595081135341j1595091936133
14 817 477;18.07.2020 17:05:44;9164375204;bidlist*a1595081140500b1595081142089c1595081142089d1595091941258e1595091943883f1595081144850g1595081144850h1595081143318i1595081143357j1595091944148
14 817 484;18.07.2020 17:06:01;9164375204;bidinfo*a1595081158451b1595081160045c1595081160045d1595091959211e1595091960648f1595081161589g1595081161589h1595081160068i1595081160069j1595091960867
14 817 735;18.07.2020 17:17:28;9164375204;bidlist*a1595081843194b1595081844792c1595081844792d1595092643972e1595092647597f1595081848552g1595081848552h1595081847028i1595081847076j1595092647909
14 817 731;18.07.2020 17:17:26;9164375204;bidlist*a1595081843164b1595081844746c1595081844746d1595092644019e1595092645269f1595081846212g1595081846212h1595081844695i1595081844737j1595092645519
14 817 734;18.07.2020 17:17:28;9164375204;bidlist*a1595081843180b1595081844777c1595081844777d1595092644019e1595092646863f1595081847897g1595081847897h1595081846572i1595081846631j1595092647409
14 818 619;18.07.2020 18:05:58;9164375204;bidlist*a1595084755059b1595084756944c1595084756944d1595095556105e1595095557683f1595084758629g1595084758629h1595084757100i1595084757131j1595095557933
14 818 621;18.07.2020 18:05:59;9164375204;bidlist*a1595084755023b1595084756897c1595084756897d1595095556058e1595095558745f1595084759752g1595084759752h1595084758439i1595084758471j1595095559245
14 818 620;18.07.2020 18:05:59;9164375204;bidlist*a1595084755041b1595084756928c1595084756928d1595095556089e1595095558870f1595084759815g1595084759815h1595084758384i1595084758416j1595095559198
14 818 631;18.07.2020 18:06:13;9164375204;bidinfo*a1595084769579b1595084771187c1595084771187d1595095570370e1595095572136f1595084773075g1595084773075h1595084771591i1595084771594j1595095572386
14 818 668;18.07.2020 18:07:08;9164375204;bidlist*a1595084815292b1595084823477c1595084823477d1595095623964e1595095626776f1595084827783g1595084827783h1595084826520i1595084826575j1595095627385
14 818 674;18.07.2020 18:07:12;9164375204;bidinfo*a1595084829128b1595084830731c1595084830731d1595095629917e1595095631370f1595084832322g1595084832322h1595084830855i1595084830856j1595095631635
14 818 666;18.07.2020 18:07:06;9164375204;bidlist*a1595084815322b1595084823649c1595084823649d1595095623807e1595095625464f1595084826410g1595084826410h1595084824903i1595084824952j1595095625792
14 818 709;18.07.2020 18:08:50;9164375204;bidinfo*a1595084887343b1595084918527c1595084918527d1595095726604e1595095727588f1595084928589g1595084928589h1595084927098i1595084927099j1595095729291
14 819 263;18.07.2020 18:48:43;9164375204;bidlist*a1595087319694b1595087321591c1595087321591d1595098120817e1595098122067f1595087323026g1595087323026h1595087321530i1595087321591j1595098122395
14 819 265;18.07.2020 18:48:44;9164375204;bidlist*a1595087319665b1595087321263c1595087321263d1595098120427e1595098123348f1595087324352g1595087324352h1595087323008i1595087323059j1595098123833
14 819 264;18.07.2020 18:48:44;9164375204;bidlist*a1595087319680b1595087321560c1595087321560d1595098120739e1595098123208f1595087324149g1595087324149h1595087322730i1595087322777j1595098123567
14 819 537;18.07.2020 19:01:00;9164375204;bidlist*a1595088054930b1595088056832c1595088056832d1595098856344e1595098859031f1595088059984g1595088059984h1595088058542i1595088058567j1595098859719
14 819 589;18.07.2020 19:02:09;9164375204;masterlist*a1595088125939b1595088127563c1595088127563d1595098926750e1595098928281f1595088129279g1595088129279h1595088127756i1595088127756j1595098928687
14 819 538;18.07.2020 19:01:01;9164375204;bidlist*a1595088054952b1595088056848c1595088056848d1595098857656e1595098860359f1595088061372g1595088061372h1595088059913i1595088059935j1595098860781
14 819 577;18.07.2020 19:01:40;9164375204;bidlist*a1595088096064b1595088097642c1595088097642d1595098896828e1595098899047f1595088099982g1595088099982h1595088098486i1595088098522j1595098899297
14 819 578;18.07.2020 19:01:40;9164375204;bidlist*a1595088096053b1595088097626c1595088097626d1595098896812e1595098899406f1595088100356g1595088100356h1595088098898i1595088098945j1595098899734
14 819 579;18.07.2020 19:01:40;9164375204;bidlist*a1595088096043b1595088097626c1595088097626d1595098896812e1595098899297f1595088100294g1595088100310h1595088099011i1595088099057j1595098899859
14 819 540;18.07.2020 19:01:01;9164375204;bidlist*a1595088054901b1595088056786c1595088056786d1595098857656e1595098860328f1595088061356g1595088061356h1595088060094i1595088060145j1595098860922
14 819 585;18.07.2020 19:01:50;9164375204;bidinfo*a1595088108471b1595088110075c1595088110075d1595098909234e1595098909843f1595088110793g1595088110793h1595088109273i1595088109274j1595098910062
14 819 574;18.07.2020 19:01:34;9164375204;masterlist*a1595088091530b1595088093133c1595088093133d1595098892312e1595098893484f1595088094428g1595088094428h1595088092912i1595088092912j1595098893718
14 819 592;18.07.2020 19:02:18;9164375204;bidinfo*a1595088136679b1595088138265c1595088138265d1595098937437e1595098937937f1595088138889g1595088138889h1595088137398i1595088137404j1595098938187
14 819 594;18.07.2020 19:02:23;9164375204;bidlist*a1595088138321b1595088139918c1595088139918d1595098939093e1595098941624f1595088142570g1595088142570h1595088142164i1595088142205j1595098943015
14 819 595;18.07.2020 19:02:23;9164375204;bidlist*a1595088138333b1595088139918c1595088139918d1595098939093e1595098941421f1595088142367g1595088142367h1595088142235i1595088142255j1595098943156
14 819 596;18.07.2020 19:02:24;9164375204;bidlist*a1595088138310b1595088139918c1595088139918d1595098939109e1595098941546f1595088142555g1595088142570h1595088142280i1595088142311j1595098943390
14 819 637;18.07.2020 19:04:17;9164375204;bidlist*a1595088252493b1595088254079c1595088254079d1595099053247e1595099056138f1595088257183g1595088257183h1595088255774i1595088255840j1595099056622
14 819 638;18.07.2020 19:04:17;9164375204;bidlist*a1595088252505b1595088254095c1595088254095d1595099053263e1595099056481f1595088257417g1595088257417h1595088255921i1595088255964j1595099056841
14 819 611;18.07.2020 19:03:27;9164375204;bidlist*a1595088203592b1595088205220c1595088205220d1595099004390e1595099006608f1595088207560g1595088207560h1595088206047i1595088206078j1595099006858
14 819 606;18.07.2020 19:03:12;9164375204;masterlist*a1595088189653b1595088191258c1595088191258d1595098990437e1595098991921f1595088192865g1595088192865h1595088191374i1595088191374j1595098992187
14 819 610;18.07.2020 19:03:19;9164375204;bidlist*a1595088194809b1595088196390c1595088196390d1595098995577e1595098998108f1595088199120g1595088199120h1595088197784i1595088197845j1595098998671
14 819 608;18.07.2020 19:03:18;9164375204;bidlist*a1595088194832b1595088196421c1595088196421d1595098995593e1595098997468f1595088198418g1595088198418h1595088196920i1595088196954j1595098997765
14 819 609;18.07.2020 19:03:19;9164375204;bidlist*a1595088194821b1595088196406c1595088196406d1595098995577e1595098998108f1595088199073g1595088199073h1595088197555i1595088197589j1595098998358
14 819 619;18.07.2020 19:03:38;9164375204;masterlist*a1595088215483b1595088217435c1595088217435d1595099016608e1595099017858f1595088218807g1595088218807h1595088217292i1595088217292j1595099018077
14 819 636;18.07.2020 19:04:16;9164375204;bidlist*a1595088252517b1595088254110c1595088254110d1595099053278e1595099055778f1595088256731g1595088256731h1595088255204i1595088255236j1595099056138
14 819 665;18.07.2020 19:05:31;9164375204;bidlist*a1595088325927b1595088327523c1595088327523d1595099126684e1595099127840f1595088328786g1595088328786h1595088329472i1595088329518j1595099130325
14 819 667;18.07.2020 19:05:31;9164375204;bidlist*a1595088325905b1595088327492c1595088327492d1595099126653e1595099128856f1595088329894g1595088329894h1595088329683i1595088329749j1595099130512
14 819 647;18.07.2020 19:04:57;9164375204;bidlist*a1595088293446b1595088295044c1595088295044d1595099094216e1595099096184f1595088297134g1595088297134h1595088295631i1595088295663j1595099096434
14 819 653;18.07.2020 19:05:08;9164375204;bidlist*a1595088305022b1595088306603c1595088306603d1595099105794e1595099107372f1595088308335g1595088308335h1595088306838i1595088306870j1595099107637
14 819 654;18.07.2020 19:05:09;9164375204;bidlist*a1595088304998b1595088306588c1595088306588d1595099105762e1595099107997f1595088309021g1595088309021h1595088307720i1595088307772j1595099108575
14 819 656;18.07.2020 19:05:13;9164375204;masterlist*a1595088310741b1595088312360c1595088312360d1595099111528e1595099113059f1595088313998g1595088313998h1595088312479i1595088312479j1595099113278
14 819 628;18.07.2020 19:03:59;9164375204;bidlist*a1595088234703b1595088236295c1595088236295d1595099035466e1595099038325f1595088239337g1595088239337h1595088237927i1595088237986j1595099038794
14 819 626;18.07.2020 19:03:58;9164375204;bidlist*a1595088234727b1595088236311c1595088236311d1595099035482e1595099037107f1595088238073g1595088238073h1595088236559i1595088236605j1595099037747
14 819 666;18.07.2020 19:05:31;9164375204;bidlist*a1595088325917b1595088327492c1595088327492d1595099126668e1595099128934f1595088329878g1595088329878h1595088329565i1595088329601j1595099130372
14 819 627;18.07.2020 19:03:58;9164375204;bidlist*a1595088234715b1595088236295c1595088236295d1595099035466e1595099037857f1595088238838g1595088238838h1595088237324i1595088237377j1595099038200
14 819 649;18.07.2020 19:04:59;9164375204;bidlist*a1595088293397b1595088295013c1595088295013d1595099094200e1595099097169f1595088298180g1595088298180h1595088296898i1595088296963j1595099098403
14 819 651;18.07.2020 19:05:02;9164375204;masterlist*a1595088299451b1595088301050c1595088301050d1595099100216e1595099101669f1595088302610g1595088302610h1595088301157i1595088301157j1595099101950
14 819 655;18.07.2020 19:05:09;9164375204;bidlist*a1595088305009b1595088306588c1595088306588d1595099105794e1595099108450f1595088309411g1595088309411h1595088307894i1595088307940j1595099108731
14 819 631;18.07.2020 19:04:06;9164375204;masterlist*a1595088243563b1595088245156c1595088245156d1595099044325e1595099045513f1595088246451g1595088246451h1595088244928i1595088244928j1595099045716
14 819 648;18.07.2020 19:04:58;9164375204;bidlist*a1595088293425b1595088295028c1595088295028d1595099094231e1595099097309f1595088298258g1595088298258h1595088296751i1595088296787j1595099097591
14 820 571;18.07.2020 20:23:06;9164375204;bidlist*a1595092979351b1595092981618c1595092981618d1595103780850e1595103785335f1595092986313g1595092986313h1595092984840i1595092984881j1595103785710
14 820 570;18.07.2020 20:23:05;9164375204;bidlist*a1595092979334b1595092981415c1595092981415d1595103780600e1595103783882f1595092984894g1595092984894h1595092983569i1595092983619j1595103784397
14 820 569;18.07.2020 20:23:03;9164375204;bidlist*a1595092979316b1595092981212c1595092981212d1595103780382e1595103782491f1595092983490g1595092983490h1595092981946i1595092981980j1595103782913
14 820 575;18.07.2020 20:23:31;9164375204;bidlist*a1595093006621b1595093008278c1595093008278d1595103807444e1595103810085f1595093011023g1595093011023h1595093009603i1595093009652j1595103810444
